Id,Expected
img0.jpg,nelson_muntz
img1.jpg,lisa_simpson
img10.jpg,ned_flanders
img100.jpg,chief_wiggum
img101.jpg,apu_nahasapeemapetilon
img102.jpg,kent_brockman
img103.jpg,edna_krabappel
img104.jpg,chief_wiggum
img105.jpg,lisa_simpson
img106.jpg,kent_brockman
img107.jpg,ned_flanders
img108.jpg,marge_simpson
img109.jpg,kent_brockman
img11.jpg,ned_flanders
img110.jpg,charles_montgomery_burns
img111.jpg,krusty_the_clown
img112.jpg,charles_montgomery_burns
img113.jpg,ned_flanders
img114.jpg,kent_brockman
img115.jpg,lisa_simpson
img116.jpg,marge_simpson
img117.jpg,nelson_muntz
img118.jpg,comic_book_guy
img119.jpg,mayor_quimby
img12.jpg,homer_simpson
img120.jpg,apu_nahasapeemapetilon
img121.jpg,krusty_the_clown
img122.jpg,krusty_the_clown
img123.jpg,ned_flanders
img124.jpg,edna_krabappel
img125.jpg,apu_nahasapeemapetilon
img126.jpg,chief_wiggum
img127.jpg,apu_nahasapeemapetilon
img128.jpg,ned_flanders
img129.jpg,charles_montgomery_burns
img13.jpg,bart_simpson
img130.jpg,charles_montgomery_burns
img131.jpg,sideshow_bob
img132.jpg,lisa_simpson
img133.jpg,charles_montgomery_burns
img134.jpg,chief_wiggum
img135.jpg,kent_brockman
img136.jpg,abraham_grampa_simpson
img137.jpg,milhouse_van_houten
img138.jpg,ned_flanders
img139.jpg,bart_simpson
img14.jpg,nelson_muntz
img140.jpg,charles_montgomery_burns
img141.jpg,chief_wiggum
img142.jpg,nelson_muntz
img143.jpg,charles_montgomery_burns
img144.jpg,bart_simpson
img145.jpg,apu_nahasapeemapetilon
img146.jpg,mayor_quimby
img147.jpg,bart_simpson
img148.jpg,edna_krabappel
img149.jpg,edna_krabappel
img15.jpg,charles_montgomery_burns
img150.jpg,ned_flanders
img151.jpg,chief_wiggum
img152.jpg,groundskeeper_willie
img153.jpg,charles_montgomery_burns
img154.jpg,marge_simpson
img155.jpg,ned_flanders
img156.jpg,ned_flanders
img157.jpg,ned_flanders
img158.jpg,comic_book_guy
img159.jpg,kent_brockman
img16.jpg,ned_flanders
img160.jpg,sideshow_bob
img161.jpg,ned_flanders
img162.jpg,ned_flanders
img163.jpg,comic_book_guy
img164.jpg,comic_book_guy
img165.jpg,edna_krabappel
img166.jpg,lisa_simpson
img167.jpg,kent_brockman
img168.jpg,ned_flanders
img169.jpg,krusty_the_clown
img17.jpg,milhouse_van_houten
img170.jpg,chief_wiggum
img171.jpg,mayor_quimby
img172.jpg,ned_flanders
img173.jpg,krusty_the_clown
img174.jpg,sideshow_bob
img175.jpg,ned_flanders
img176.jpg,chief_wiggum
img177.jpg,lisa_simpson
img178.jpg,mayor_quimby
img179.jpg,krusty_the_clown
img18.jpg,homer_simpson
img180.jpg,krusty_the_clown
img181.jpg,lisa_simpson
img182.jpg,krusty_the_clown
img183.jpg,mayor_quimby
img184.jpg,lisa_simpson
img185.jpg,charles_montgomery_burns
img186.jpg,comic_book_guy
img187.jpg,marge_simpson
img188.jpg,lisa_simpson
img189.jpg,kent_brockman
img19.jpg,abraham_grampa_simpson
img190.jpg,chief_wiggum
img191.jpg,kent_brockman
img192.jpg,marge_simpson
img193.jpg,bart_simpson
img194.jpg,apu_nahasapeemapetilon
img195.jpg,charles_montgomery_burns
img196.jpg,marge_simpson
img197.jpg,apu_nahasapeemapetilon
img198.jpg,moe_szyslak
img199.jpg,apu_nahasapeemapetilon
img2.jpg,mayor_quimby
img20.jpg,marge_simpson
img200.jpg,marge_simpson
img201.jpg,apu_nahasapeemapetilon
img202.jpg,marge_simpson
img203.jpg,abraham_grampa_simpson
img204.jpg,bart_simpson
img205.jpg,edna_krabappel
img206.jpg,milhouse_van_houten
img207.jpg,moe_szyslak
img208.jpg,ned_flanders
img209.jpg,charles_montgomery_burns
img21.jpg,principal_skinner
img210.jpg,charles_montgomery_burns
img211.jpg,ned_flanders
img212.jpg,bart_simpson
img213.jpg,sideshow_bob
img214.jpg,marge_simpson
img215.jpg,apu_nahasapeemapetilon
img216.jpg,mayor_quimby
img217.jpg,charles_montgomery_burns
img218.jpg,bart_simpson
img219.jpg,kent_brockman
img22.jpg,charles_montgomery_burns
img220.jpg,abraham_grampa_simpson
img221.jpg,lisa_simpson
img222.jpg,milhouse_van_houten
img223.jpg,apu_nahasapeemapetilon
img224.jpg,mayor_quimby
img225.jpg,charles_montgomery_burns
img226.jpg,bart_simpson
img227.jpg,bart_simpson
img228.jpg,bart_simpson
img229.jpg,lisa_simpson
img23.jpg,chief_wiggum
img230.jpg,moe_szyslak
img231.jpg,sideshow_bob
img232.jpg,apu_nahasapeemapetilon
img233.jpg,edna_krabappel
img234.jpg,krusty_the_clown
img235.jpg,kent_brockman
img236.jpg,homer_simpson
img237.jpg,charles_montgomery_burns
img238.jpg,charles_montgomery_burns
img239.jpg,bart_simpson
img24.jpg,chief_wiggum
img240.jpg,lisa_simpson
img241.jpg,ned_flanders
img242.jpg,homer_simpson
img243.jpg,edna_krabappel
img244.jpg,marge_simpson
img245.jpg,charles_montgomery_burns
img246.jpg,homer_simpson
img247.jpg,charles_montgomery_burns
img248.jpg,abraham_grampa_simpson
img249.jpg,marge_simpson
img25.jpg,apu_nahasapeemapetilon
img250.jpg,comic_book_guy
img251.jpg,mayor_quimby
img252.jpg,bart_simpson
img253.jpg,apu_nahasapeemapetilon
img254.jpg,homer_simpson
img255.jpg,ned_flanders
img256.jpg,krusty_the_clown
img257.jpg,krusty_the_clown
img258.jpg,charles_montgomery_burns
img259.jpg,lisa_simpson
img26.jpg,charles_montgomery_burns
img260.jpg,krusty_the_clown
img261.jpg,bart_simpson
img262.jpg,ned_flanders
img263.jpg,ned_flanders
img264.jpg,charles_montgomery_burns
img265.jpg,ned_flanders
img266.jpg,homer_simpson
img267.jpg,lisa_simpson
img268.jpg,bart_simpson
img269.jpg,chief_wiggum
img27.jpg,ned_flanders
img270.jpg,krusty_the_clown
img271.jpg,apu_nahasapeemapetilon
img272.jpg,nelson_muntz
img273.jpg,bart_simpson
img274.jpg,charles_montgomery_burns
img275.jpg,mayor_quimby
img276.jpg,rainier_wolfcastle
img277.jpg,chief_wiggum
img278.jpg,bart_simpson
img279.jpg,ned_flanders
img28.jpg,homer_simpson
img280.jpg,charles_montgomery_burns
img281.jpg,abraham_grampa_simpson
img282.jpg,marge_simpson
img283.jpg,chief_wiggum
img284.jpg,ned_flanders
img285.jpg,ned_flanders
img286.jpg,kent_brockman
img287.jpg,marge_simpson
img288.jpg,marge_simpson
img289.jpg,kent_brockman
img29.jpg,homer_simpson
img290.jpg,homer_simpson
img291.jpg,snake_jailbird
img292.jpg,apu_nahasapeemapetilon
img293.jpg,bart_simpson
img294.jpg,charles_montgomery_burns
img295.jpg,lisa_simpson
img296.jpg,ned_flanders
img297.jpg,comic_book_guy
img298.jpg,moe_szyslak
img299.jpg,krusty_the_clown
img3.jpg,nelson_muntz
img30.jpg,krusty_the_clown
img300.jpg,milhouse_van_houten
img301.jpg,apu_nahasapeemapetilon
img302.jpg,bart_simpson
img303.jpg,apu_nahasapeemapetilon
img304.jpg,ned_flanders
img305.jpg,comic_book_guy
img306.jpg,marge_simpson
img307.jpg,homer_simpson
img308.jpg,snake_jailbird
img309.jpg,homer_simpson
img31.jpg,comic_book_guy
img310.jpg,edna_krabappel
img311.jpg,lisa_simpson
img312.jpg,kent_brockman
img313.jpg,milhouse_van_houten
img314.jpg,apu_nahasapeemapetilon
img315.jpg,moe_szyslak
img316.jpg,apu_nahasapeemapetilon
img317.jpg,ned_flanders
img318.jpg,marge_simpson
img319.jpg,comic_book_guy
img32.jpg,charles_montgomery_burns
img320.jpg,ned_flanders
img321.jpg,charles_montgomery_burns
img322.jpg,bart_simpson
img323.jpg,principal_skinner
img324.jpg,edna_krabappel
img325.jpg,moe_szyslak
img326.jpg,charles_montgomery_burns
img327.jpg,chief_wiggum
img328.jpg,edna_krabappel
img329.jpg,ned_flanders
img33.jpg,marge_simpson
img330.jpg,apu_nahasapeemapetilon
img331.jpg,milhouse_van_houten
img332.jpg,moe_szyslak
img333.jpg,moe_szyslak
img334.jpg,comic_book_guy
img335.jpg,principal_skinner
img336.jpg,marge_simpson
img337.jpg,krusty_the_clown
img338.jpg,ned_flanders
img339.jpg,principal_skinner
img34.jpg,principal_skinner
img340.jpg,marge_simpson
img341.jpg,lisa_simpson
img342.jpg,homer_simpson
img343.jpg,kent_brockman
img344.jpg,mayor_quimby
img345.jpg,comic_book_guy
img346.jpg,lisa_simpson
img347.jpg,chief_wiggum
img348.jpg,charles_montgomery_burns
img349.jpg,sideshow_bob
img35.jpg,sideshow_bob
img350.jpg,principal_skinner
img351.jpg,homer_simpson
img352.jpg,krusty_the_clown
img353.jpg,homer_simpson
img354.jpg,bart_simpson
img355.jpg,principal_skinner
img356.jpg,homer_simpson
img357.jpg,edna_krabappel
img358.jpg,charles_montgomery_burns
img359.jpg,krusty_the_clown
img36.jpg,chief_wiggum
img360.jpg,comic_book_guy
img361.jpg,ned_flanders
img362.jpg,ned_flanders
img363.jpg,chief_wiggum
img364.jpg,sideshow_bob
img365.jpg,lisa_simpson
img366.jpg,lenny_leonard
img367.jpg,sideshow_bob
img368.jpg,apu_nahasapeemapetilon
img369.jpg,comic_book_guy
img37.jpg,charles_montgomery_burns
img370.jpg,charles_montgomery_burns
img371.jpg,nelson_muntz
img372.jpg,ned_flanders
img373.jpg,ned_flanders
img374.jpg,kent_brockman
img375.jpg,abraham_grampa_simpson
img376.jpg,nelson_muntz
img377.jpg,ned_flanders
img378.jpg,kent_brockman
img379.jpg,bart_simpson
img38.jpg,moe_szyslak
img380.jpg,bart_simpson
img381.jpg,marge_simpson
img382.jpg,lisa_simpson
img383.jpg,principal_skinner
img384.jpg,krusty_the_clown
img385.jpg,bart_simpson
img386.jpg,bart_simpson
img387.jpg,bart_simpson
img388.jpg,apu_nahasapeemapetilon
img389.jpg,principal_skinner
img39.jpg,moe_szyslak
img390.jpg,lisa_simpson
img391.jpg,apu_nahasapeemapetilon
img392.jpg,bart_simpson
img393.jpg,abraham_grampa_simpson
img394.jpg,ned_flanders
img395.jpg,moe_szyslak
img396.jpg,ned_flanders
img397.jpg,edna_krabappel
img398.jpg,comic_book_guy
img399.jpg,bart_simpson
img4.jpg,bart_simpson
img40.jpg,moe_szyslak
img400.jpg,abraham_grampa_simpson
img401.jpg,chief_wiggum
img402.jpg,krusty_the_clown
img403.jpg,chief_wiggum
img404.jpg,charles_montgomery_burns
img405.jpg,comic_book_guy
img406.jpg,edna_krabappel
img407.jpg,krusty_the_clown
img408.jpg,comic_book_guy
img409.jpg,kent_brockman
img41.jpg,homer_simpson
img410.jpg,principal_skinner
img411.jpg,kent_brockman
img412.jpg,ned_flanders
img413.jpg,nelson_muntz
img414.jpg,milhouse_van_houten
img415.jpg,sideshow_bob
img416.jpg,ned_flanders
img417.jpg,ned_flanders
img418.jpg,bart_simpson
img419.jpg,ned_flanders
img42.jpg,comic_book_guy
img420.jpg,principal_skinner
img421.jpg,bart_simpson
img422.jpg,milhouse_van_houten
img423.jpg,lisa_simpson
img424.jpg,lisa_simpson
img425.jpg,abraham_grampa_simpson
img426.jpg,bart_simpson
img427.jpg,mayor_quimby
img428.jpg,marge_simpson
img429.jpg,kent_brockman
img43.jpg,abraham_grampa_simpson
img430.jpg,homer_simpson
img431.jpg,krusty_the_clown
img432.jpg,krusty_the_clown
img433.jpg,milhouse_van_houten
img434.jpg,lisa_simpson
img435.jpg,ned_flanders
img436.jpg,lisa_simpson
img437.jpg,principal_skinner
img438.jpg,krusty_the_clown
img439.jpg,apu_nahasapeemapetilon
img44.jpg,edna_krabappel
img440.jpg,sideshow_bob
img441.jpg,marge_simpson
img442.jpg,comic_book_guy
img443.jpg,ned_flanders
img444.jpg,krusty_the_clown
img445.jpg,bart_simpson
img446.jpg,krusty_the_clown
img447.jpg,snake_jailbird
img448.jpg,marge_simpson
img449.jpg,sideshow_bob
img45.jpg,ned_flanders
img450.jpg,sideshow_bob
img451.jpg,lisa_simpson
img452.jpg,edna_krabappel
img453.jpg,comic_book_guy
img454.jpg,charles_montgomery_burns
img455.jpg,ned_flanders
img456.jpg,charles_montgomery_burns
img457.jpg,ned_flanders
img458.jpg,charles_montgomery_burns
img459.jpg,ned_flanders
img46.jpg,krusty_the_clown
img460.jpg,edna_krabappel
img461.jpg,principal_skinner
img462.jpg,nelson_muntz
img463.jpg,krusty_the_clown
img464.jpg,edna_krabappel
img465.jpg,ned_flanders
img466.jpg,milhouse_van_houten
img467.jpg,kent_brockman
img468.jpg,sideshow_bob
img469.jpg,principal_skinner
img47.jpg,comic_book_guy
img470.jpg,principal_skinner
img471.jpg,charles_montgomery_burns
img472.jpg,homer_simpson
img473.jpg,sideshow_bob
img474.jpg,milhouse_van_houten
img475.jpg,moe_szyslak
img476.jpg,moe_szyslak
img477.jpg,lisa_simpson
img478.jpg,charles_montgomery_burns
img479.jpg,apu_nahasapeemapetilon
img48.jpg,charles_montgomery_burns
img480.jpg,milhouse_van_houten
img481.jpg,homer_simpson
img482.jpg,charles_montgomery_burns
img483.jpg,charles_montgomery_burns
img484.jpg,marge_simpson
img485.jpg,principal_skinner
img486.jpg,charles_montgomery_burns
img487.jpg,krusty_the_clown
img488.jpg,apu_nahasapeemapetilon
img489.jpg,abraham_grampa_simpson
img49.jpg,milhouse_van_houten
img490.jpg,lisa_simpson
img491.jpg,charles_montgomery_burns
img492.jpg,lisa_simpson
img493.jpg,comic_book_guy
img494.jpg,kent_brockman
img495.jpg,nelson_muntz
img496.jpg,comic_book_guy
img497.jpg,marge_simpson
img498.jpg,charles_montgomery_burns
img499.jpg,chief_wiggum
img5.jpg,principal_skinner
img50.jpg,lisa_simpson
img500.jpg,abraham_grampa_simpson
img501.jpg,edna_krabappel
img502.jpg,ned_flanders
img503.jpg,krusty_the_clown
img504.jpg,charles_montgomery_burns
img505.jpg,lisa_simpson
img506.jpg,ned_flanders
img507.jpg,homer_simpson
img508.jpg,apu_nahasapeemapetilon
img509.jpg,comic_book_guy
img51.jpg,comic_book_guy
img510.jpg,bart_simpson
img511.jpg,marge_simpson
img512.jpg,charles_montgomery_burns
img513.jpg,bart_simpson
img514.jpg,chief_wiggum
img515.jpg,marge_simpson
img516.jpg,kent_brockman
img517.jpg,krusty_the_clown
img518.jpg,krusty_the_clown
img519.jpg,bart_simpson
img52.jpg,milhouse_van_houten
img520.jpg,lisa_simpson
img521.jpg,edna_krabappel
img522.jpg,lisa_simpson
img523.jpg,bart_simpson
img524.jpg,edna_krabappel
img525.jpg,abraham_grampa_simpson
img526.jpg,marge_simpson
img527.jpg,chief_wiggum
img528.jpg,apu_nahasapeemapetilon
img529.jpg,charles_montgomery_burns
img53.jpg,ned_flanders
img530.jpg,bart_simpson
img531.jpg,comic_book_guy
img532.jpg,ned_flanders
img533.jpg,bart_simpson
img534.jpg,krusty_the_clown
img535.jpg,ned_flanders
img536.jpg,ned_flanders
img537.jpg,chief_wiggum
img538.jpg,lisa_simpson
img539.jpg,moe_szyslak
img54.jpg,milhouse_van_houten
img540.jpg,lisa_simpson
img541.jpg,homer_simpson
img542.jpg,bart_simpson
img543.jpg,abraham_grampa_simpson
img544.jpg,edna_krabappel
img545.jpg,ned_flanders
img546.jpg,kent_brockman
img547.jpg,marge_simpson
img548.jpg,edna_krabappel
img549.jpg,marge_simpson
img55.jpg,sideshow_bob
img550.jpg,ned_flanders
img551.jpg,ned_flanders
img552.jpg,milhouse_van_houten
img553.jpg,krusty_the_clown
img554.jpg,apu_nahasapeemapetilon
img555.jpg,mayor_quimby
img556.jpg,chief_wiggum
img557.jpg,kent_brockman
img558.jpg,marge_simpson
img559.jpg,milhouse_van_houten
img56.jpg,nelson_muntz
img560.jpg,marge_simpson
img561.jpg,krusty_the_clown
img562.jpg,charles_montgomery_burns
img563.jpg,moe_szyslak
img564.jpg,apu_nahasapeemapetilon
img565.jpg,charles_montgomery_burns
img566.jpg,mayor_quimby
img567.jpg,comic_book_guy
img568.jpg,charles_montgomery_burns
img569.jpg,bart_simpson
img57.jpg,charles_montgomery_burns
img570.jpg,ned_flanders
img571.jpg,ned_flanders
img572.jpg,abraham_grampa_simpson
img573.jpg,ned_flanders
img574.jpg,moe_szyslak
img575.jpg,abraham_grampa_simpson
img576.jpg,kent_brockman
img577.jpg,abraham_grampa_simpson
img578.jpg,moe_szyslak
img579.jpg,comic_book_guy
img58.jpg,kent_brockman
img580.jpg,krusty_the_clown
img581.jpg,chief_wiggum
img582.jpg,homer_simpson
img583.jpg,charles_montgomery_burns
img584.jpg,ned_flanders
img585.jpg,apu_nahasapeemapetilon
img586.jpg,ned_flanders
img587.jpg,ned_flanders
img588.jpg,abraham_grampa_simpson
img589.jpg,comic_book_guy
img59.jpg,bart_simpson
img590.jpg,moe_szyslak
img591.jpg,chief_wiggum
img592.jpg,ned_flanders
img593.jpg,charles_montgomery_burns
img594.jpg,kent_brockman
img595.jpg,ned_flanders
img596.jpg,chief_wiggum
img597.jpg,krusty_the_clown
img598.jpg,krusty_the_clown
img599.jpg,bart_simpson
img6.jpg,krusty_the_clown
img60.jpg,charles_montgomery_burns
img600.jpg,chief_wiggum
img601.jpg,apu_nahasapeemapetilon
img602.jpg,moe_szyslak
img603.jpg,bart_simpson
img604.jpg,edna_krabappel
img605.jpg,comic_book_guy
img606.jpg,abraham_grampa_simpson
img607.jpg,homer_simpson
img608.jpg,apu_nahasapeemapetilon
img609.jpg,chief_wiggum
img61.jpg,chief_wiggum
img610.jpg,ned_flanders
img611.jpg,bart_simpson
img612.jpg,marge_simpson
img613.jpg,bart_simpson
img614.jpg,mayor_quimby
img615.jpg,ned_flanders
img616.jpg,charles_montgomery_burns
img617.jpg,moe_szyslak
img618.jpg,ned_flanders
img619.jpg,charles_montgomery_burns
img62.jpg,charles_montgomery_burns
img620.jpg,krusty_the_clown
img621.jpg,bart_simpson
img622.jpg,marge_simpson
img623.jpg,ned_flanders
img624.jpg,mayor_quimby
img625.jpg,mayor_quimby
img626.jpg,nelson_muntz
img627.jpg,lisa_simpson
img628.jpg,ned_flanders
img629.jpg,ned_flanders
img63.jpg,abraham_grampa_simpson
img630.jpg,bart_simpson
img631.jpg,mayor_quimby
img632.jpg,apu_nahasapeemapetilon
img633.jpg,abraham_grampa_simpson
img634.jpg,ned_flanders
img635.jpg,charles_montgomery_burns
img636.jpg,ned_flanders
img637.jpg,bart_simpson
img638.jpg,lisa_simpson
img639.jpg,homer_simpson
img64.jpg,principal_skinner
img640.jpg,ned_flanders
img641.jpg,snake_jailbird
img642.jpg,moe_szyslak
img643.jpg,chief_wiggum
img644.jpg,apu_nahasapeemapetilon
img645.jpg,moe_szyslak
img646.jpg,chief_wiggum
img647.jpg,marge_simpson
img648.jpg,krusty_the_clown
img649.jpg,marge_simpson
img65.jpg,abraham_grampa_simpson
img650.jpg,sideshow_bob
img651.jpg,ned_flanders
img652.jpg,ned_flanders
img653.jpg,charles_montgomery_burns
img654.jpg,rainier_wolfcastle
img655.jpg,sideshow_bob
img656.jpg,ned_flanders
img657.jpg,lisa_simpson
img658.jpg,ned_flanders
img659.jpg,charles_montgomery_burns
img66.jpg,principal_skinner
img660.jpg,edna_krabappel
img661.jpg,ned_flanders
img662.jpg,comic_book_guy
img663.jpg,chief_wiggum
img664.jpg,ned_flanders
img665.jpg,edna_krabappel
img666.jpg,charles_montgomery_burns
img667.jpg,moe_szyslak
img668.jpg,comic_book_guy
img669.jpg,charles_montgomery_burns
img67.jpg,milhouse_van_houten
img670.jpg,charles_montgomery_burns
img671.jpg,kent_brockman
img672.jpg,abraham_grampa_simpson
img673.jpg,abraham_grampa_simpson
img674.jpg,ned_flanders
img675.jpg,charles_montgomery_burns
img676.jpg,ned_flanders
img677.jpg,nelson_muntz
img678.jpg,ned_flanders
img679.jpg,homer_simpson
img68.jpg,edna_krabappel
img680.jpg,apu_nahasapeemapetilon
img681.jpg,ned_flanders
img682.jpg,homer_simpson
img683.jpg,krusty_the_clown
img684.jpg,comic_book_guy
img685.jpg,nelson_muntz
img686.jpg,ned_flanders
img687.jpg,homer_simpson
img688.jpg,moe_szyslak
img689.jpg,bart_simpson
img69.jpg,bart_simpson
img690.jpg,kent_brockman
img691.jpg,nelson_muntz
img692.jpg,sideshow_bob
img693.jpg,milhouse_van_houten
img694.jpg,milhouse_van_houten
img695.jpg,principal_skinner
img696.jpg,apu_nahasapeemapetilon
img697.jpg,krusty_the_clown
img698.jpg,milhouse_van_houten
img699.jpg,lisa_simpson
img7.jpg,apu_nahasapeemapetilon
img70.jpg,abraham_grampa_simpson
img700.jpg,abraham_grampa_simpson
img701.jpg,kent_brockman
img702.jpg,apu_nahasapeemapetilon
img703.jpg,comic_book_guy
img704.jpg,chief_wiggum
img705.jpg,chief_wiggum
img706.jpg,kent_brockman
img707.jpg,milhouse_van_houten
img708.jpg,apu_nahasapeemapetilon
img709.jpg,marge_simpson
img71.jpg,lisa_simpson
img710.jpg,moe_szyslak
img711.jpg,ned_flanders
img712.jpg,lenny_leonard
img713.jpg,milhouse_van_houten
img714.jpg,groundskeeper_willie
img715.jpg,edna_krabappel
img716.jpg,mayor_quimby
img717.jpg,waylon_smithers
img718.jpg,apu_nahasapeemapetilon
img719.jpg,charles_montgomery_burns
img72.jpg,bart_simpson
img720.jpg,ned_flanders
img721.jpg,kent_brockman
img722.jpg,mayor_quimby
img723.jpg,bart_simpson
img724.jpg,comic_book_guy
img725.jpg,krusty_the_clown
img726.jpg,ned_flanders
img727.jpg,kent_brockman
img728.jpg,charles_montgomery_burns
img729.jpg,bart_simpson
img73.jpg,lisa_simpson
img730.jpg,abraham_grampa_simpson
img731.jpg,apu_nahasapeemapetilon
img732.jpg,krusty_the_clown
img733.jpg,bart_simpson
img734.jpg,chief_wiggum
img735.jpg,comic_book_guy
img736.jpg,sideshow_bob
img737.jpg,charles_montgomery_burns
img738.jpg,chief_wiggum
img739.jpg,bart_simpson
img74.jpg,barney_gumble
img740.jpg,abraham_grampa_simpson
img741.jpg,mayor_quimby
img742.jpg,edna_krabappel
img743.jpg,edna_krabappel
img744.jpg,abraham_grampa_simpson
img745.jpg,ned_flanders
img746.jpg,principal_skinner
img747.jpg,milhouse_van_houten
img748.jpg,mayor_quimby
img749.jpg,apu_nahasapeemapetilon
img75.jpg,krusty_the_clown
img750.jpg,charles_montgomery_burns
img751.jpg,ned_flanders
img752.jpg,sideshow_bob
img753.jpg,principal_skinner
img754.jpg,chief_wiggum
img755.jpg,charles_montgomery_burns
img756.jpg,comic_book_guy
img757.jpg,chief_wiggum
img758.jpg,krusty_the_clown
img759.jpg,marge_simpson
img76.jpg,ned_flanders
img760.jpg,principal_skinner
img761.jpg,kent_brockman
img762.jpg,charles_montgomery_burns
img763.jpg,apu_nahasapeemapetilon
img764.jpg,chief_wiggum
img765.jpg,ned_flanders
img766.jpg,bart_simpson
img767.jpg,bart_simpson
img768.jpg,marge_simpson
img769.jpg,moe_szyslak
img77.jpg,edna_krabappel
img770.jpg,abraham_grampa_simpson
img771.jpg,bart_simpson
img772.jpg,charles_montgomery_burns
img773.jpg,abraham_grampa_simpson
img774.jpg,lisa_simpson
img775.jpg,milhouse_van_houten
img776.jpg,nelson_muntz
img777.jpg,kent_brockman
img778.jpg,charles_montgomery_burns
img779.jpg,kent_brockman
img78.jpg,charles_montgomery_burns
img780.jpg,abraham_grampa_simpson
img781.jpg,principal_skinner
img782.jpg,bart_simpson
img783.jpg,lisa_simpson
img784.jpg,chief_wiggum
img785.jpg,milhouse_van_houten
img786.jpg,ned_flanders
img787.jpg,principal_skinner
img788.jpg,kent_brockman
img789.jpg,edna_krabappel
img79.jpg,mayor_quimby
img790.jpg,comic_book_guy
img791.jpg,charles_montgomery_burns
img792.jpg,chief_wiggum
img793.jpg,bart_simpson
img794.jpg,sideshow_bob
img795.jpg,ned_flanders
img796.jpg,ned_flanders
img797.jpg,charles_montgomery_burns
img798.jpg,principal_skinner
img799.jpg,sideshow_bob
img8.jpg,principal_skinner
img80.jpg,milhouse_van_houten
img800.jpg,abraham_grampa_simpson
img801.jpg,charles_montgomery_burns
img802.jpg,chief_wiggum
img803.jpg,milhouse_van_houten
img804.jpg,edna_krabappel
img805.jpg,charles_montgomery_burns
img806.jpg,milhouse_van_houten
img807.jpg,charles_montgomery_burns
img808.jpg,principal_skinner
img809.jpg,edna_krabappel
img81.jpg,principal_skinner
img810.jpg,lisa_simpson
img811.jpg,comic_book_guy
img812.jpg,apu_nahasapeemapetilon
img813.jpg,bart_simpson
img814.jpg,charles_montgomery_burns
img815.jpg,charles_montgomery_burns
img816.jpg,marge_simpson
img817.jpg,apu_nahasapeemapetilon
img818.jpg,homer_simpson
img819.jpg,milhouse_van_houten
img82.jpg,abraham_grampa_simpson
img820.jpg,ned_flanders
img821.jpg,moe_szyslak
img822.jpg,marge_simpson
img823.jpg,ned_flanders
img824.jpg,homer_simpson
img825.jpg,edna_krabappel
img826.jpg,apu_nahasapeemapetilon
img827.jpg,comic_book_guy
img828.jpg,bart_simpson
img829.jpg,mayor_quimby
img83.jpg,homer_simpson
img830.jpg,sideshow_bob
img831.jpg,chief_wiggum
img832.jpg,nelson_muntz
img833.jpg,sideshow_bob
img834.jpg,edna_krabappel
img835.jpg,homer_simpson
img836.jpg,edna_krabappel
img837.jpg,bart_simpson
img838.jpg,sideshow_bob
img839.jpg,charles_montgomery_burns
img84.jpg,chief_wiggum
img840.jpg,ned_flanders
img841.jpg,abraham_grampa_simpson
img842.jpg,ned_flanders
img843.jpg,kent_brockman
img844.jpg,krusty_the_clown
img845.jpg,charles_montgomery_burns
img846.jpg,lisa_simpson
img847.jpg,marge_simpson
img848.jpg,charles_montgomery_burns
img849.jpg,charles_montgomery_burns
img85.jpg,marge_simpson
img850.jpg,sideshow_bob
img851.jpg,charles_montgomery_burns
img852.jpg,lisa_simpson
img853.jpg,comic_book_guy
img854.jpg,abraham_grampa_simpson
img855.jpg,kent_brockman
img856.jpg,mayor_quimby
img857.jpg,marge_simpson
img858.jpg,sideshow_bob
img859.jpg,marge_simpson
img86.jpg,lisa_simpson
img860.jpg,bart_simpson
img861.jpg,charles_montgomery_burns
img862.jpg,marge_simpson
img863.jpg,charles_montgomery_burns
img864.jpg,edna_krabappel
img865.jpg,krusty_the_clown
img866.jpg,marge_simpson
img867.jpg,edna_krabappel
img868.jpg,krusty_the_clown
img869.jpg,lisa_simpson
img87.jpg,abraham_grampa_simpson
img870.jpg,nelson_muntz
img871.jpg,milhouse_van_houten
img872.jpg,milhouse_van_houten
img873.jpg,comic_book_guy
img874.jpg,moe_szyslak
img875.jpg,homer_simpson
img876.jpg,apu_nahasapeemapetilon
img877.jpg,ned_flanders
img878.jpg,sideshow_bob
img879.jpg,abraham_grampa_simpson
img88.jpg,chief_wiggum
img880.jpg,lisa_simpson
img881.jpg,lisa_simpson
img882.jpg,kent_brockman
img883.jpg,homer_simpson
img884.jpg,marge_simpson
img885.jpg,bart_simpson
img886.jpg,principal_skinner
img887.jpg,homer_simpson
img888.jpg,charles_montgomery_burns
img889.jpg,principal_skinner
img89.jpg,sideshow_bob
img890.jpg,ned_flanders
img891.jpg,principal_skinner
img892.jpg,krusty_the_clown
img893.jpg,lisa_simpson
img894.jpg,sideshow_bob
img895.jpg,homer_simpson
img896.jpg,homer_simpson
img897.jpg,ned_flanders
img898.jpg,charles_montgomery_burns
img899.jpg,ned_flanders
img9.jpg,comic_book_guy
img90.jpg,nelson_muntz
img900.jpg,marge_simpson
img901.jpg,apu_nahasapeemapetilon
img902.jpg,moe_szyslak
img903.jpg,groundskeeper_willie
img904.jpg,comic_book_guy
img905.jpg,bart_simpson
img906.jpg,bart_simpson
img907.jpg,ned_flanders
img908.jpg,moe_szyslak
img909.jpg,sideshow_bob
img91.jpg,ned_flanders
img910.jpg,ned_flanders
img911.jpg,chief_wiggum
img912.jpg,mayor_quimby
img913.jpg,lisa_simpson
img914.jpg,bart_simpson
img915.jpg,marge_simpson
img916.jpg,mayor_quimby
img917.jpg,apu_nahasapeemapetilon
img918.jpg,krusty_the_clown
img919.jpg,sideshow_bob
img92.jpg,apu_nahasapeemapetilon
img920.jpg,charles_montgomery_burns
img921.jpg,ned_flanders
img922.jpg,charles_montgomery_burns
img923.jpg,abraham_grampa_simpson
img924.jpg,homer_simpson
img925.jpg,krusty_the_clown
img926.jpg,comic_book_guy
img927.jpg,mayor_quimby
img928.jpg,kent_brockman
img929.jpg,sideshow_bob
img93.jpg,bart_simpson
img930.jpg,comic_book_guy
img931.jpg,ned_flanders
img932.jpg,bart_simpson
img933.jpg,edna_krabappel
img934.jpg,chief_wiggum
img935.jpg,kent_brockman
img936.jpg,milhouse_van_houten
img937.jpg,edna_krabappel
img938.jpg,lisa_simpson
img939.jpg,milhouse_van_houten
img94.jpg,lisa_simpson
img940.jpg,kent_brockman
img941.jpg,ned_flanders
img942.jpg,principal_skinner
img943.jpg,charles_montgomery_burns
img944.jpg,charles_montgomery_burns
img945.jpg,abraham_grampa_simpson
img946.jpg,ned_flanders
img947.jpg,krusty_the_clown
img948.jpg,comic_book_guy
img949.jpg,krusty_the_clown
img95.jpg,chief_wiggum
img950.jpg,lisa_simpson
img951.jpg,bart_simpson
img952.jpg,marge_simpson
img953.jpg,sideshow_bob
img954.jpg,ned_flanders
img955.jpg,mayor_quimby
img956.jpg,ned_flanders
img957.jpg,chief_wiggum
img958.jpg,apu_nahasapeemapetilon
img959.jpg,krusty_the_clown
img96.jpg,chief_wiggum
img960.jpg,milhouse_van_houten
img961.jpg,ned_flanders
img962.jpg,krusty_the_clown
img963.jpg,charles_montgomery_burns
img964.jpg,marge_simpson
img965.jpg,moe_szyslak
img966.jpg,edna_krabappel
img967.jpg,ned_flanders
img968.jpg,edna_krabappel
img969.jpg,charles_montgomery_burns
img97.jpg,krusty_the_clown
img970.jpg,ned_flanders
img971.jpg,bart_simpson
img972.jpg,homer_simpson
img973.jpg,mayor_quimby
img974.jpg,homer_simpson
img975.jpg,sideshow_bob
img976.jpg,lisa_simpson
img977.jpg,bart_simpson
img978.jpg,homer_simpson
img979.jpg,ned_flanders
img98.jpg,charles_montgomery_burns
img980.jpg,krusty_the_clown
img981.jpg,lisa_simpson
img982.jpg,principal_skinner
img983.jpg,bart_simpson
img984.jpg,apu_nahasapeemapetilon
img985.jpg,marge_simpson
img986.jpg,sideshow_bob
img987.jpg,nelson_muntz
img988.jpg,ned_flanders
img989.jpg,charles_montgomery_burns
img99.jpg,chief_wiggum
img990.jpg,apu_nahasapeemapetilon
